{"title":"FBCConnects","id":"31","meta":{"name":"FBCConnects","menu":"main-menu","tab_menu":"tabs-footer","appZip":"https:\/\/s3-us-west-2.amazonaws.com\/myapppresserstorage\/wp-content\/uploads\/sites\/752\/2017\/04\/19223315\/fbcconnects-45.8.zip","app_update_version":105,"design":{"toolbar_background":"#30b49a","toolbar_color":"","text_color":"#005446","body_bg":"#e0cfc6","left_menu_bg":"#555555","left_menu_text":"#ffffff","left_menu_icons":"#ffffff","button_text":"#00110c","button_background":"","link_color":"#000000","headings_color":"#555555","status_bar_bkg":"#555555","custom_css":"h1 { margin-top: 0 } h2 { margin-top: 0; } .white a { color: #fff!important; text-decoration: none; font-size: 120%; } .slide-title { font-size: 30px; font-weight: 700; } .header-logo { height: 50px; } .custom-logo { display:none } .swiper-pagination-bullet-active, .button-md { opacity: 1; background: #0e95cf; } .swiper-pagination-bullet-active, .button-md:hover { opacity: 1; background-color: #0e95cf; } .swiper-slide { text-align: left; font-size: 18px; } .toolbar-md { padding-top: 15px; } .custom-page .menu-card .card-title { opacity: 1; font-weight: 100; } ion-icon.bar-button { font-size: 22px; } .bar-button-md { font-size: 12px; } .bar-button-menu .toggle-md::after { content: \"menu\"; } .button-md { margin-top: 10px; letter-spacing: 1px; background: #0e95cf!important; border: 1px solid #9d9d9d; } .bar-button::after { top: -14px; } .icon .icon-md { color: #fff; } .icon-hero ion-icon { font-size: 72px; margin-top: 20px; } .slide-zoom { padding-bottom: 20px } .slide-zoom p { margin-top: 0; margin-bottom: 0; } .large a { font-size: 60px; } .ion-page ion-content, .ion-page ion-list .item { background: url(https:\/\/fbcchelsea.com\/wp-content\/uploads\/2017\/11\/quilted-background-tan.png); } .slide-zoom .icon { color: #0e95cf; webkit-text-shadow: 0 2px 2px 0 rgba(0, 0, 0, 0.14), 0 3px 1px -2px rgba(0, 0, 0, 0.2), 0 1px 5px 0 rgba(0, 0, 0, 0.12); text-shadow: 0 2px 2px 0 rgba(0, 0, 0, 0.14), 0 3px 1px -2px rgba(0, 0, 0, 0.2), 0 1px 5px 0 rgba(0, 0, 0, 0.12); -webkit-transition: background-color 300ms cubic-bezier(0.4, 0, 0.2, 1), color 300ms cubic-bezier(0.4, 0, 0.2, 1), -webkit-text-shadow 300ms cubic-bezier(0.4, 0, 0.2, 1); transition: background-color 300ms cubic-bezier(0.4, 0, 0.2, 1), color 300ms cubic-bezier(0.4, 0, 0.2, 1), -webkit-text-shadow 300ms cubic-bezier(0.4, 0, 0.2, 1); transition: text-shadow 300ms cubic-bezier(0.4, 0, 0.2, 1), background-color 300ms cubic-bezier(0.4, 0, 0.2, 1), color 300ms cubic-bezier(0.4, 0, 0.2, 1); transition: text-shadow 300ms cubic-bezier(0.4, 0, 0.2, 1), background-color 300ms cubic-bezier(0.4, 0, 0.2, 1), color 300ms cubic-bezier(0.4, 0, 0.2, 1), -webkit-text-shadow 300ms cubic-bezier(0.4, 0, 0.2, 1); } .custom-page .menu-card { background: #0097d3; } #tab-t0-0 { display: none; } .designer-text { text-align: center; margin-top: 20px; font-size: 10px; } .designer-text a { text-decoration: none; }"},"light_status_bar":true,"menu_right":true,"rtl":null,"share":{"icon":{"hide":null}},"intro_slug":""},"ads":{"ios":{"banner":"FBCConnects Ad iOS"},"android":{"banner":"http:\/\/www.google.com\/appserve\/mkt\/p\/AFvIGUe1DhyniaT7tJ2gbQlokbkxhwJlim_-vYZIRaxaEVRMionCv9SaNy7I6YU13qPQ_kexTWHEACDwQ_ZBWt5jT_nW4ClK"}},"segments":"","languages":"","default_language":"en","assets":{"header_logo":929},"menus":{"items":[{"title":"Welcome","page_id":"5","page_type":"html","list_route":"","list_display":"default","favorites":"false","show_slider":"false","slide_route":null,"slug":"intro","type":"apppages","url":"https:\/\/myapppresser.com\/douglaswebdesigns\/apppages\/intro\/","extra_classes":"","target":"","class":"fa-child","parent_id":"0"},{"title":"Live Stream","page_id":"180","page_type":null,"list_route":null,"list_display":null,"favorites":null,"show_slider":null,"slide_route":null,"slug":"live-stream","type":"custom","url":"https:\/\/fbcchelsea.com\/apv3\/appstreaming\/","extra_classes":"","target":"","class":"fa-video-camera","parent_id":"0"},{"title":"Map","page_id":"54","page_type":"html","list_route":null,"list_display":null,"favorites":null,"show_slider":"false","slide_route":null,"slug":"location-2","type":"apppages","url":"https:\/\/myapppresser.com\/douglaswebdesigns\/apppages\/location-2\/","extra_classes":"","target":"","class":"fa-street-view","parent_id":"0"},{"title":"Missions Letters","page_id":"49","page_type":"list","list_route":"https:\/\/fbcchelsea.com\/wp-json\/wp\/v2\/posts?type=supported-missionaries","list_display":"card","favorites":"true","show_slider":"false","slide_route":null,"slug":"apis","type":"apppages","url":"https:\/\/myapppresser.com\/douglaswebdesigns\/apppages\/apis\/","extra_classes":"","target":"","class":"fa-envelope","parent_id":"0"},{"title":"Social","page_id":"338","page_type":null,"list_route":null,"list_display":null,"favorites":null,"show_slider":null,"slide_route":null,"slug":"buddy-links","type":"custom","url":"https:\/\/fbcchelsea.com\/apv3\/activity\/","extra_classes":"loggedout","target":"","class":"chatbubbles","parent_id":"0"},{"title":"Giving","page_id":"1025","page_type":"html","list_route":null,"list_display":null,"favorites":null,"show_slider":"false","slide_route":null,"slug":"giving","type":"apppages","url":"https:\/\/myapppresser.com\/douglaswebdesigns\/apppages\/giving\/","extra_classes":"","target":"","class":"fa-credit-card","parent_id":"0"},{"title":"Contact Us","page_id":"629","page_type":null,"list_route":null,"list_display":null,"favorites":null,"show_slider":null,"slide_route":null,"slug":"contact-us-2","type":"custom","url":"https:\/\/fbcchelsea.com\/apv3\/appcontact\/","extra_classes":"","target":"","class":"fa-pencil-square-o","parent_id":"0"},{"title":"Messages","page_id":"1087","page_type":"list","list_route":"https:\/\/fbcchelsea.com\/wp-json\/wp\/v2\/youtube-messages","list_display":"default","favorites":"true","show_slider":"false","slide_route":null,"slug":"messages","type":"apppages","url":"https:\/\/myapppresser.com\/douglaswebdesigns\/apppages\/messages\/","extra_classes":"","target":"","class":"fa-youtube","parent_id":"0"},{"title":"Staff","page_id":"7","page_type":"html","list_route":null,"list_display":null,"favorites":null,"show_slider":"false","slide_route":null,"slug":"about","type":"apppages","url":"https:\/\/myapppresser.com\/douglaswebdesigns\/apppages\/about\/","extra_classes":"","target":"","class":"fa-users","parent_id":"0"},{"title":"Sermon Audio","page_id":"1188","page_type":null,"list_route":null,"list_display":null,"favorites":null,"show_slider":null,"slide_route":null,"slug":"sermon-audio","type":"custom","url":"https:\/\/fbcchelsea.com\/sermon-audio\/","extra_classes":"","target":"","class":"fa-headphones","parent_id":"0"},{"title":"Missionaries","page_id":"969","page_type":"list","list_route":"https:\/\/fbcchelsea.com\/wp-json\/wp\/v2\/missionaries","list_display":"card","favorites":"false","show_slider":"false","slide_route":null,"slug":"missionaries","type":"apppages","url":"https:\/\/myapppresser.com\/douglaswebdesigns\/apppages\/missionaries\/","extra_classes":"","target":"","class":"fa-map-signs","parent_id":"0"},{"title":"Ministries","page_id":"945","page_type":"list","list_route":"https:\/\/fbcchelsea.com\/wp-json\/wp\/v2\/ministries","list_display":"card","favorites":"false","show_slider":"false","slide_route":null,"slug":"ministries","type":"apppages","url":"https:\/\/myapppresser.com\/douglaswebdesigns\/apppages\/ministries\/","extra_classes":"","target":"","class":"fa-handshake-o","parent_id":"0"},{"title":"Businesses","page_id":"870","page_type":"list","list_route":"https:\/\/fbcchelsea.com\/wp-json\/wp\/v2\/businesses","list_display":"card","favorites":"false","show_slider":"false","slide_route":null,"slug":"businesses","type":"apppages","url":"https:\/\/myapppresser.com\/douglaswebdesigns\/apppages\/businesses\/","extra_classes":"","target":"","class":"fa-building","parent_id":"0"},{"title":"Service Times","page_id":"1175","page_type":null,"list_route":null,"list_display":null,"favorites":null,"show_slider":null,"slide_route":null,"slug":"service-times","type":"custom","url":"https:\/\/fbcchelsea.com\/appservices\/","extra_classes":"","target":"","class":"fa-clock-o","parent_id":"0"},{"title":"Calendars","page_id":"1178","page_type":null,"list_route":null,"list_display":null,"favorites":null,"show_slider":null,"slide_route":null,"slug":"calendars","type":"custom","url":"https:\/\/fbcchelsea.com\/calendar\/church-event-calendar\/","extra_classes":"","target":"","class":"fa-calendar","parent_id":"0"},{"title":"FBC Website","page_id":"1180","page_type":null,"list_route":null,"list_display":null,"favorites":null,"show_slider":null,"slide_route":null,"slug":"fbc-website-2","type":"custom","url":"https:\/\/fbcchelsea.com\/appwebsitelink\/","extra_classes":"","target":"","class":"fa-desktop","parent_id":"0"}],"name":"Main Menu"},"tab_menu":{"items":[{"title":"Welcome","page_id":"5","page_type":"html","list_route":"","list_display":"default","favorites":"false","show_slider":"false","slide_route":null,"slug":"intro","type":"apppages","url":"https:\/\/myapppresser.com\/douglaswebdesigns\/apppages\/intro\/","extra_classes":"","target":"","class":"fa-globe","parent_id":"0"},{"title":"Home","page_id":"289","page_type":null,"list_route":null,"list_display":null,"favorites":null,"show_slider":null,"slide_route":null,"slug":"home","type":"apppages","url":"https:\/\/myapppresser.com\/douglaswebdesigns\/apppages\/home\/","extra_classes":"large","target":"","class":"fa-home","parent_id":"0"},{"title":"Services","page_id":"141","page_type":null,"list_route":null,"list_display":null,"favorites":null,"show_slider":null,"slide_route":null,"slug":"services","type":"custom","url":"https:\/\/fbcchelsea.com\/apv3\/appservices\/","extra_classes":"","target":"","class":"fa-clock-o","parent_id":"0"},{"title":"Calendar","page_id":"803","page_type":null,"list_route":null,"list_display":null,"favorites":null,"show_slider":null,"slide_route":null,"slug":"calendar","type":"custom","url":"https:\/\/fbcchelsea.com\/calendar\/church-event-calendar\/","extra_classes":"","target":"","class":"fa-calendar","parent_id":"0"},{"title":"Website","page_id":"750","page_type":null,"list_route":null,"list_display":null,"favorites":null,"show_slider":null,"slide_route":null,"slug":"fbc-website","type":"custom","url":"https:\/\/fbcchelsea.com\/appwebsitelink\/","extra_classes":"","target":"","class":"fa-desktop","parent_id":"0"},{"title":"Social","page_id":"1145","page_type":null,"list_route":null,"list_display":null,"favorites":null,"show_slider":null,"slide_route":null,"slug":"social","type":"custom","url":"https:\/\/fbcchelsea.com\/apv3\/activity\/","extra_classes":"","target":"","class":"fa-users","parent_id":"0"}],"name":"Tabs ( Footer )"},"side_menu_login":"on","side_menu_force_login":"","wordpress_url":"https:\/\/fbcchelsea.com\/","show_registration_link":"","registration_url":"","wp_site_addr":""}